Unnamed: 0,SID,COHORT,RACE_ETHNICITY,GENDER,FIRST_GEN_STATUS,HS_GPA,HS_MATH_GPA,HS_ENGL_GPA,COLLEGE,UNITS_ATTEMPTED_1,UNITS_ATTEMPTED_2,UNITS_ATTEMPTED_3,UNITS_ATTEMPTED_4,UNITS_COMPLETED_1,UNITS_COMPLETED_2,UNITS_COMPLETED_3,UNITS_COMPLETED_4,DFW_UNITS_1,DFW_UNITS_2,DFW_UNITS_3,DFW_UNITS_4,GPA_1,GPA_2,GPA_3,GPA_4,CUM_GPA_1,CUM_GPA_2,CUM_GPA_3,CUM_GPA_4,SEM_1_STATUS,SEM_2_STATUS,SEM_3_STATUS,SEM_4_STATUS,SEM_5_STATUS,SEM_6_STATUS,SEM_7_STATUS,SEM_8_STATUS
757,313OF556V,Fall 2018,Hispanic,Female,First Generation,3.420000076,3.0,2.88,University Programs,12.0,13.0,15.0,12.0,12.0,10.0,15.0,12.0,0.0,3.0,0.0,0.0,2.5,1.8461538461538465,3.8,3.75,2.5,2.16,2.775,3.0,C,C,C,C,C,C,C,C
9905,8X3CH5VG3,Fall 2018,Black or African American,Male,Continuing Generation,3.299999952,3.25,3.0,Business,12.0,13.0,9.0,12.0,6.0,13.0,0.0,0.0,9.0,0.0,12.0,16.0,1.75,2.769230769230769,0.0,0.0,1.75,2.28,1.6764705882352942,1.2391304347826086,C,C,C,C,C,C,NR,NR
33922,8J0AIA476,Fall 2018,Hispanic,Female,First Generation,3.269999981,2.17,3.0,University Programs,NaN,NaN,NaN,NaN,NaN,NaN,NaN,NaN,NaN,NaN,NaN,NaN,NaN,NaN,NaN,NaN,NaN,NaN,NaN,NaN,C,NR,NR,NR,NR,NR,NR,NR
22175,HBU0KP265,Fall 2018,Asian,Female,Continuing Generation,3.390000105,2.9,3.5,Business,13.0,15.0,14.0,13.0,13.0,15.0,14.0,13.0,0.0,0.0,0.0,0.0,3.5384615384615383,3.6,3.7142857142857135,3.5384615384615383,3.5384615384615383,3.571428571428572,3.619047619047619,3.6,C,C,C,C,C,C,GD,GD
44236,JM1RAPZX2,Fall 2018,Hispanic,Male,Continuing Generation,3.220000029,3.0,3.4,Business,16.0,15.0,15.0,12.0,16.0,15.0,15.0,15.0,0.0,0.0,0.0,0.0,3.8125,3.8,3.8,4.0,3.8125,3.806451612903226,3.804347826086957,3.844827586206896,C,C,C,C,NR,C,GD,GD
14044,NQMK2IONR,Fall 2018,Hispanic,Male,Continuing Generation,NaN,NaN,NaN,Business,NaN,NaN,NaN,NaN,NaN,NaN,NaN,NaN,NaN,NaN,NaN,NaN,NaN,NaN,NaN,NaN,NaN,NaN,NaN,NaN,C,C,NR,NR,NR,NR,NR,NR
23203,EF7QA7FTU,Fall 2018,Hispanic,Male,Unknown,3.5,2.8,3.0,Business,12.0,9.0,12.0,13.0,8.0,9.0,12.0,10.0,4.0,4.0,0.0,3.0,3.0,3.6666666666666665,3.5,2.4615384615384617,3.0,3.2857142857142856,3.363636363636364,3.108695652173913,C,C,C,C,NR,C,C,NR
47299,JVQTYEJ5J,Fall 2018,Hispanic,Female,Continuing Generation,3.700000048,3.8,4.0,Education,NaN,NaN,NaN,NaN,NaN,NaN,NaN,NaN,NaN,NaN,NaN,NaN,NaN,NaN,NaN,NaN,NaN,NaN,NaN,NaN,NR,NR,NR,NR,NR,NR,NR,NR
17835,FJ2US96MU,Fall 2018,Hispanic,Female,First Generation,4.289999962,4.0,4.17,Science,8.0,15.0,12.0,14.0,8.0,15.0,12.0,14.0,0.0,0.0,0.0,0.0,4.0,4.0,4.0,3.357142857142857,4.0,4.0,4.0,3.816326530612245,C,C,C,C,C,C,C,C
33481,2CCUXEJXG,Fall 2018,Asian,Female,Continuing Generation,NaN,NaN,NaN,University Programs,NaN,NaN,NaN,NaN,NaN,NaN,NaN,NaN,NaN,NaN,NaN,NaN,NaN,NaN,NaN,NaN,NaN,NaN,NaN,NaN,NR,NR,NR,NR,NR,NR,NR,NR
43774,MP7W1DYWM,Fall 2018,Hispanic,Female,Unknown,3.150000095,3.75,3.08,Health,16.0,12.0,12.0,16.0,16.0,12.0,12.0,16.0,0.0,0.0,0.0,0.0,3.25,2.75,2.75,3.25,3.25,3.0357142857142856,2.95,3.0357142857142856,C,C,C,C,C,C,C,NR
27806,5IYS3BBEN,Fall 2018,Asian,Male,Continuing Generation,NaN,NaN,NaN,University Programs,NaN,NaN,NaN,NaN,NaN,NaN,NaN,NaN,NaN,NaN,NaN,NaN,NaN,NaN,NaN,NaN,NaN,NaN,NaN,NaN,C,C,C,C,NR,NR,NR,NR
28826,VSPW364YT,Fall 2018,Asian,Female,Continuing Generation,4.0,4.0,4.0,University Programs,15.0,16.0,15.0,13.0,15.0,16.0,15.0,16.0,0.0,0.0,0.0,0.0,3.1333333333333333,3.5625,4.0,3.4615384615384617,3.1333333333333333,3.3548387096774195,3.565217391304348,3.542372881355932,C,C,C,C,C,C,GD,GD
20729,8KQH3U7TI,Fall 2018,White,Female,Continuing Generation,3.74000001,3.17,2.4,Science,15.0,14.0,11.0,15.0,10.0,14.0,11.0,15.0,5.0,0.0,3.0,0.0,2.533333333333333,3.4285714285714284,2.8181818181818183,2.933333333333333,2.533333333333333,2.9655172413793105,2.925,2.9272727272727272,C,C,C,C,NR,C,NR,NR
48394,ZNK5AJIPG,Fall 2018,Hispanic,Male,First Generation,3.190000057,2.86,3.2,Engineering,14.0,15.0,10.0,14.0,10.0,15.0,7.0,14.0,4.0,0.0,6.0,0.0,1.4285714285714286,2.8,1.7,3.142857142857143,1.4285714285714286,2.1379310344827585,2.025641025641025,2.320754716981132,C,C,C,C,C,C,C,C
24501,G651NMWYR,Fall 2018,White,Female,Continuing Generation,4.059999943,4.0,4.2,Arts,12.0,14.0,9.0,14.0,13.0,14.0,6.0,13.0,0.0,0.0,4.0,1.0,3.25,3.357142857142857,2.333333333333333,3.5,3.25,3.3076923076923075,3.057142857142857,3.183673469387755,C,C,C,C,NR,C,C,C
2666,UAWXZKOF6,Fall 2018,Hispanic,Male,First Generation,NaN,NaN,NaN,Engineering,14.0,12.0,8.0,16.0,14.0,12.0,5.0,16.0,0.0,3.0,10.0,0.0,3.7142857142857135,3.0,1.75,2.4375,3.7142857142857135,3.3846153846153846,3.0,2.82,C,C,C,C,C,C,C,C
44016,KCYB2U66I,Fall 2018,Hispanic,Female,First Generation,NaN,NaN,NaN,Health,13.0,13.0,11.0,14.0,13.0,13.0,11.0,14.0,0.0,0.0,0.0,0.0,3.692307692307693,3.5384615384615383,3.727272727272727,3.5,3.692307692307693,3.615384615384616,3.6486486486486487,3.607843137254902,C,C,C,C,C,C,C,NR
49517,NDPHLXDTQ,Fall 2018,White,Female,First Generation,4.070000172,3.5,3.83,Health,11.0,10.0,11.0,15.0,11.0,10.0,11.0,15.0,0.0,0.0,0.0,0.0,3.5454545454545454,4.0,3.636363636363636,4.0,3.5454545454545454,3.761904761904762,3.71875,3.808510638297872,C,C,C,C,C,GD,GD,GD
19867,5GFPA4I76,Fall 2018,Hispanic,Female,Unknown,3.059999943,3.2,3.0,University Programs,12.0,12.0,12.0,13.0,12.0,12.0,9.0,13.0,0.0,0.0,3.0,0.0,3.0,2.75,3.0,3.5384615384615383,3.0,2.875,2.9166666666666665,3.0816326530612246,C,C,C,C,C,C,GD,GD
41539,4XHCTRYGE,Fall 2018,Asian,Male,Continuing Generation,3.710000038,3.75,3.8,Engineering,16.0,14.0,13.0,13.0,16.0,14.0,16.0,13.0,0.0,0.0,0.0,3.0,3.8125,3.7857142857142856,3.4615384615384617,4.0,3.8125,3.8,3.697674418604651,3.767857142857143,C,C,C,C,C,C,GD,GD
39107,4YOR0ZCG9,Fall 2018,Nonresident alien,Female,Continuing Generation,3.5,3.32,3.58,Engineering,12.0,7.0,15.0,16.0,15.0,14.0,12.0,16.0,0.0,0.0,3.0,0.0,3.5,3.142857142857143,3.0,3.25,3.5,3.3684210526315788,3.2058823529411766,3.22,C,C,C,C,C,C,C,C
8177,2J25OG0RH,Fall 2018,Hispanic,Female,Continuing Generation,4.159999847,3.71,3.9,Health,13.0,16.0,16.0,16.0,17.0,16.0,16.0,16.0,0.0,0.0,0.0,0.0,3.769230769230769,4.0,4.0,3.8125,3.769230769230769,3.896551724137931,3.933333333333333,3.901639344262295,C,C,C,C,C,C,GD,GD
49375,09MBWJU0N,Fall 2018,White,Male,Continuing Generation,3.930000067,3.5,4.0,Health,9.0,15.0,15.0,9.0,9.0,15.0,15.0,9.0,0.0,0.0,0.0,0.0,2.0,4.0,3.2,3.333333333333333,2.0,3.25,3.230769230769231,3.25,C,C,C,C,C,C,GD,GD
45348,ZMO20RKF7,Fall 2018,Hispanic,Male,Unknown,NaN,NaN,NaN,Health,NaN,NaN,NaN,NaN,NaN,NaN,NaN,NaN,NaN,NaN,NaN,NaN,NaN,NaN,NaN,NaN,NaN,NaN,NaN,NaN,NR,NR,NR,NR,NR,NR,NR,NR
48269,445I18CAC,Fall 2018,Two or More Races,Female,Continuing Generation,3.460000038,2.0,3.5,Health,18.0,12.0,12.0,12.0,18.0,12.0,12.0,12.0,0.0,0.0,0.0,0.0,3.6666666666666665,3.0,3.0,3.5,3.6666666666666665,3.4,3.2857142857142856,3.333333333333333,C,C,C,C,C,C,NR,C
43966,36GZRVT0V,Fall 2018,White,Male,Continuing Generation,3.5,2.0,3.5,Health,12.0,17.0,16.0,18.0,12.0,14.0,16.0,18.0,4.0,3.0,0.0,0.0,3.5,2.9411764705882355,2.9375,3.0,3.5,3.1724137931034484,3.088888888888889,3.063492063492064,C,C,C,C,GD,GD,GD,GD
46733,CBUFZTO3I,Fall 2018,Hispanic,Female,First Generation,3.710000038,3.0,3.6,Health,13.0,15.0,15.0,12.0,13.0,15.0,12.0,12.0,0.0,0.0,3.0,0.0,2.4615384615384617,3.0,3.0,3.75,2.4615384615384617,2.75,2.8372093023255816,3.036363636363636,C,C,C,C,C,C,C,C
34715,MODMIICJL,Fall 2018,Hispanic,Male,Continuing Generation,3.559999943,2.8,3.5,Engineering,14.0,NaN,NaN,NaN,14.0,NaN,NaN,NaN,0.0,NaN,NaN,NaN,3.2857142857142856,NaN,NaN,NaN,3.2857142857142856,NaN,NaN,NaN,C,NR,NR,NR,NR,NR,NR,NR
27421,SD3HVZOD7,Fall 2018,Hispanic,Female,First Generation,3.410000086,1.75,2.6,University Programs,15.0,13.0,16.0,15.0,15.0,13.0,16.0,15.0,0.0,0.0,0.0,0.0,4.0,3.769230769230769,4.0,4.0,4.0,3.892857142857143,3.9318181818181817,3.9491525423728815,C,C,C,C,C,C,GD,GD
28112,BFUA4D0LP,Fall 2018,Hispanic,Female,Continuing Generation,3.210000038,2.5,3.2,University Programs,14.0,9.0,13.0,14.0,3.0,9.0,0.0,7.0,11.0,4.0,13.0,7.0,0.6428571428571429,3.333333333333333,0.0,1.2142857142857142,0.6428571428571429,1.6956521739130437,1.0833333333333333,1.12,C,C,C,C,C,C,C,NR
22595,8DJBBIDE1,Fall 2018,Asian,Female,Continuing Generation,NaN,NaN,NaN,Health,9.0,12.0,15.0,9.0,9.0,12.0,15.0,9.0,0.0,0.0,0.0,0.0,4.0,2.9166666666666665,3.4,4.0,4.0,3.380952380952381,3.388888888888889,3.511111111111111,C,C,C,C,C,C,C,C
33550,PSDU9131P,Fall 2018,Hispanic,Female,Unknown,2.890000105,3.2,2.83,University Programs,NaN,NaN,NaN,NaN,NaN,NaN,NaN,NaN,NaN,NaN,NaN,NaN,NaN,NaN,NaN,NaN,NaN,NaN,NaN,NaN,NR,NR,NR,NR,NR,NR,NR,NR
44233,GCEBNCULP,Fall 2018,Nonresident alien,Female,First Generation,3.25,3.05,3.22,Business,NaN,NaN,NaN,NaN,NaN,NaN,NaN,NaN,NaN,NaN,NaN,NaN,NaN,NaN,NaN,NaN,NaN,NaN,NaN,NaN,C,NR,NR,NR,NR,NR,NR,NR
33368,I1K524WAR,Fall 2018,Hispanic,Female,First Generation,3.75,3.67,2.83,University Programs,16.0,16.0,15.0,12.0,16.0,13.0,15.0,12.0,0.0,3.0,0.0,0.0,2.9375,2.1875,3.0,3.25,2.9375,2.5625,2.702127659574468,2.8135593220338984,C,C,C,C,C,C,GD,GD
1016,HCXQ3VHB8,Fall 2018,White,Female,Continuing Generation,3.339999914,3.0,3.0,Health,12.0,12.0,9.0,15.0,12.0,12.0,9.0,15.0,0.0,0.0,0.0,0.0,4.0,3.75,3.6666666666666665,3.4,4.0,3.875,3.8181818181818175,3.6875,C,C,C,C,C,C,C,C
28142,VPRWFHLPP,Fall 2018,Hispanic,Male,First Generation,3.410000086,3.0,3.6,University Programs,15.0,14.0,17.0,14.0,15.0,14.0,17.0,14.0,0.0,0.0,0.0,0.0,2.8666666666666667,3.7142857142857135,3.176470588235294,3.7142857142857135,2.8666666666666667,3.2758620689655173,3.239130434782609,3.35,C,C,C,C,C,C,C,C
4221,6S4QICZEM,Fall 2018,Asian,Female,Continuing Generation,NaN,NaN,NaN,Science,9.0,13.0,12.0,15.0,10.0,13.0,12.0,15.0,0.0,0.0,0.0,0.0,4.0,3.769230769230769,4.0,4.0,4.0,3.863636363636364,3.911764705882353,3.938775510204082,C,C,C,C,C,C,GD,GD
49483,PBVEZGD1Z,Fall 2018,Asian,Female,Continuing Generation,4.0,4.0,4.17,Health,12.0,14.0,9.0,15.0,12.0,14.0,12.0,15.0,0.0,0.0,0.0,0.0,4.0,4.0,4.0,3.6,4.0,4.0,4.0,3.88,C,C,C,NR,C,C,C,NR
17829,D4NROFIWI,Fall 2018,Asian,Male,Continuing Generation,3.549999952,2.4,3.25,Arts,16.0,15.0,15.0,12.0,17.0,16.0,15.0,12.0,0.0,0.0,0.0,0.0,2.625,3.8,4.0,3.5,2.625,3.193548387096774,3.4565217391304346,3.4655172413793105,C,C,C,C,C,C,C,C
27951,ECP5GYNEP,Fall 2018,Two or More Races,Female,Continuing Generation,3.029999971,1.83,3.5,Liberal Arts,6.0,11.0,9.0,16.0,6.0,15.0,12.0,17.0,0.0,0.0,0.0,0.0,3.5,3.363636363636364,4.0,4.0,3.5,3.411764705882353,3.615384615384616,3.761904761904762,C,C,C,C,C,C,GD,GD
33373,Y1JBOED8R,Fall 2018,Asian,Female,First Generation,3.410000086,3.2,3.83,University Programs,16.0,16.0,15.0,14.0,13.0,16.0,15.0,14.0,3.0,0.0,0.0,0.0,2.5625,3.0,3.2,3.571428571428572,2.5625,2.78125,2.9148936170212765,3.065573770491804,C,C,C,C,C,C,GD,GD
6036,JOXDFGK91,Fall 2018,Asian,Male,Continuing Generation,4.0,3.5,4.0,Engineering,12.0,14.0,6.0,NaN,12.0,14.0,6.0,NaN,0.0,0.0,0.0,NaN,4.0,3.928571428571429,3.5,NaN,4.0,3.9615384615384617,3.875,NaN,C,C,C,C,C,C,GD,GD
25509,QCKGZF8LT,Fall 2018,Black or African American,Female,First Generation,3.130000114,3.29,3.4,University Programs,13.0,6.0,9.0,11.0,8.0,5.0,6.0,8.0,5.0,7.0,6.0,3.0,2.0,2.833333333333333,1.6666666666666667,1.7272727272727273,2.0,2.263157894736842,2.071428571428572,1.9743589743589745,C,C,C,C,C,C,C,C
9269,JQNEHFT66,Fall 2018,Asian,Male,Continuing Generation,NaN,NaN,NaN,Engineering,13.0,16.0,12.0,18.0,13.0,16.0,12.0,18.0,0.0,0.0,0.0,0.0,3.0,3.625,3.0,3.6666666666666665,3.0,3.3448275862068964,3.2439024390243905,3.3728813559322037,C,C,C,C,C,C,NR,C
6116,1M4SY212N,Fall 2018,Two or More Races,Female,Continuing Generation,3.480000019,2.8,3.0,Science,16.0,15.0,16.0,16.0,16.0,15.0,9.0,16.0,0.0,0.0,7.0,0.0,3.125,2.6666666666666665,1.9375,2.9375,3.125,2.903225806451613,2.574468085106383,2.6666666666666665,C,C,C,C,C,C,C,C
21012,YYEA8ODY8,Fall 2018,Unknown,Male,Continuing Generation,3.160000086,2.83,3.5,Liberal Arts,NaN,NaN,NaN,NaN,NaN,NaN,NaN,NaN,NaN,NaN,NaN,NaN,NaN,NaN,NaN,NaN,NaN,NaN,NaN,NaN,C,NR,NR,NR,NR,NR,NR,NR
4104,PCWXE8V8S,Fall 2018,Hispanic,Female,Continuing Generation,3.569999933,3.5,3.75,Engineering,12.0,11.0,12.0,9.0,12.0,3.0,12.0,9.0,0.0,12.0,0.0,6.0,2.0,1.2727272727272727,2.25,3.333333333333333,2.0,1.6521739130434785,1.8571428571428568,2.159090909090909,C,C,C,C,C,C,C,C
6097,4X32KG2PC,Fall 2018,White,Male,Continuing Generation,NaN,NaN,NaN,Engineering,7.0,15.0,12.0,NaN,7.0,15.0,0.0,12.0,7.0,0.0,15.0,0.0,3.4285714285714284,3.1333333333333333,3.5,NaN,3.4285714285714284,3.227272727272727,3.323529411764706,NaN,C,C,C,C,NR,NR,NR,NR
39421,FA1I4UR28,Fall 2018,Asian,Female,First Generation,3.640000105,3.0,3.2,Engineering,16.0,15.0,16.0,NaN,16.0,15.0,16.0,NaN,0.0,0.0,0.0,NaN,3.25,2.6,2.8125,NaN,3.25,2.935483870967742,2.893617021276596,NaN,C,C,C,C,C,C,GD,GD
8287,KDX2MD6O4,Fall 2018,Hispanic,Male,First Generation,3.49000001,3.25,3.2,Engineering,18.0,16.0,18.0,18.0,18.0,16.0,18.0,18.0,0.0,0.0,0.0,0.0,3.5,3.625,3.0,3.5,3.5,3.5588235294117645,3.3653846153846154,3.4,C,C,C,C,C,C,GD,GD
28091,HWHPSBWWI,Fall 2018,Hispanic,Female,First Generation,3.970000029,4.0,4.0,Health,8.0,NaN,NaN,NaN,8.0,NaN,NaN,NaN,0.0,NaN,NaN,NaN,3.5,NaN,NaN,NaN,3.5,NaN,NaN,NaN,C,C,C,NR,NR,NR,NR,NR
10046,MMRNK2H5D,Fall 2018,Asian,Female,Continuing Generation,NaN,NaN,NaN,Health,4.0,NaN,NaN,NaN,4.0,NaN,NaN,NaN,0.0,NaN,NaN,NaN,3.0,NaN,NaN,NaN,3.0,NaN,NaN,NaN,C,C,C,C,C,C,GD,GD
6303,SHLG9FFY4,Fall 2018,Black or African American,Female,Continuing Generation,NaN,NaN,NaN,Engineering,10.0,13.0,11.0,16.0,10.0,9.0,9.0,16.0,0.0,4.0,2.0,0.0,3.1,1.6153846153846154,2.727272727272727,2.375,3.1,2.260869565217391,2.411764705882353,2.4,C,C,C,C,C,C,C,NR
19375,ZSCV6YFJN,Fall 2018,Hispanic,Female,First Generation,NaN,NaN,NaN,Health,15.0,13.0,9.0,16.0,0.0,10.0,9.0,7.0,15.0,3.0,0.0,9.0,0.0,2.0,2.333333333333333,1.5625,0.0,0.9285714285714286,1.2702702702702702,1.3584905660377358,C,C,C,C,C,C,C,NR
45958,QLF11NZ0D,Fall 2018,Hispanic,Male,Continuing Generation,4.050000191,4.0,4.0,Arts,15.0,15.0,16.0,10.0,15.0,15.0,16.0,18.0,0.0,0.0,0.0,0.0,3.6666666666666665,3.933333333333333,4.0,4.0,3.6666666666666665,3.8,3.869565217391304,3.892857142857143,C,C,C,C,C,C,GD,GD
20713,IN6L131S7,Fall 2018,Hispanic,Female,First Generation,4.210000038,4.0,4.0,Business,13.0,12.0,15.0,9.0,13.0,12.0,15.0,15.0,0.0,0.0,0.0,0.0,4.0,3.5,4.0,4.0,4.0,3.76,3.85,3.877551020408163,C,C,C,C,C,GD,GD,GD
35228,WWO1RT1CC,Fall 2018,White,Female,Continuing Generation,NaN,NaN,NaN,Liberal Arts,13.0,16.0,15.0,17.0,13.0,16.0,15.0,17.0,0.0,0.0,0.0,0.0,4.0,3.8125,4.0,4.0,4.0,3.896551724137931,3.9318181818181817,3.950819672131148,C,C,C,C,C,GD,GD,GD
9950,UA4C4WMG9,Fall 2018,Asian,Female,Continuing Generation,3.289999962,3.17,3.33,Business,17.0,10.0,15.0,18.0,17.0,16.0,15.0,18.0,0.0,0.0,0.0,0.0,3.235294117647059,2.9,3.8,3.5,3.235294117647059,3.111111111111111,3.357142857142857,3.4,C,C,C,C,C,C,GD,GD
26277,JYMPIF1GX,Fall 2018,White,Male,Continuing Generation,3.369999886,3.1,3.08,Engineering,10.0,11.0,13.0,9.0,10.0,7.0,0.0,9.0,0.0,8.0,13.0,3.0,3.7,2.272727272727273,0.0,3.0,3.7,2.952380952380953,1.8235294117647056,2.069767441860465,C,C,C,C,NR,C,NR,NR
28658,ZD074HBO6,Fall 2018,Hispanic,Male,First Generation,NaN,NaN,NaN,University Programs,NaN,NaN,NaN,NaN,NaN,NaN,NaN,NaN,NaN,NaN,NaN,NaN,NaN,NaN,NaN,NaN,NaN,NaN,NaN,NaN,C,NR,NR,NR,NR,NR,NR,NR
47308,K37F94ITX,Fall 2018,Hispanic,Male,Continuing Generation,2.950000048,2.5,2.75,Engineering,NaN,NaN,NaN,NaN,NaN,NaN,NaN,NaN,NaN,NaN,NaN,NaN,NaN,NaN,NaN,NaN,NaN,NaN,NaN,NaN,C,NR,NR,NR,NR,NR,NR,NR
14549,JIQY20BNV,Fall 2018,White,Male,Continuing Generation,3.140000105,2.6,2.8,Business,9.0,NaN,NaN,NaN,6.0,NaN,NaN,NaN,3.0,NaN,NaN,NaN,1.6666666666666667,NaN,NaN,NaN,1.6666666666666667,NaN,NaN,NaN,C,NR,NR,NR,NR,NR,NR,NR
25391,UAMORCAO5,Fall 2018,Two or More Races,Male,Continuing Generation,2.900000095,3.0,3.4,Engineering,12.0,9.0,15.0,11.0,9.0,9.0,15.0,11.0,3.0,0.0,0.0,0.0,1.75,2.333333333333333,3.8,3.727272727272727,1.75,2.0,2.75,2.978723404255319,C,C,NR,NR,C,C,C,C
18391,UO83AFFVZ,Fall 2018,White,Male,Continuing Generation,NaN,NaN,NaN,Business,15.0,15.0,15.0,9.0,0.0,15.0,9.0,15.0,15.0,0.0,6.0,0.0,2.6,2.0,2.4,3.333333333333333,2.6,2.3,2.333333333333333,2.5,C,C,C,C,C,C,GD,GD
42424,U9IVVLNIM,Fall 2018,Hispanic,Female,Unknown,NaN,NaN,NaN,Health,14.0,15.0,10.0,9.0,4.0,15.0,7.0,9.0,10.0,0.0,3.0,3.0,1.3571428571428572,3.0,2.0,3.333333333333333,1.3571428571428572,2.206896551724138,2.1538461538461537,2.375,C,C,C,C,C,NR,C,C
28012,GU1H98OSL,Fall 2018,Hispanic,Female,First Generation,3.029999971,2.0,2.33,University Programs,13.0,12.0,12.0,16.0,10.0,12.0,12.0,16.0,3.0,0.0,0.0,0.0,2.230769230769231,3.75,2.75,3.375,2.230769230769231,2.96,2.891891891891892,3.037735849056604,C,C,C,C,C,C,GD,GD
27866,6XW64M9JT,Fall 2018,Asian,Female,First Generation,NaN,NaN,NaN,Health,14.0,18.0,6.0,NaN,14.0,18.0,12.0,NaN,0.0,0.0,0.0,NaN,4.0,4.0,4.0,NaN,4.0,4.0,4.0,NaN,C,C,C,C,C,C,GD,GD
10888,EAHL5UJYO,Fall 2018,Hispanic,Female,Continuing Generation,3.309999943,3.25,2.75,Science,15.0,13.0,13.0,15.0,15.0,13.0,13.0,15.0,0.0,0.0,0.0,0.0,3.8,3.1538461538461537,4.0,3.6,3.8,3.5,3.658536585365854,3.642857142857143,C,C,C,C,C,C,GD,GD
11078,GZGWLQCSH,Fall 2018,Hispanic,Male,Continuing Generation,3.150000095,2.5,3.17,Health,NaN,NaN,NaN,NaN,NaN,NaN,NaN,NaN,NaN,NaN,NaN,NaN,NaN,NaN,NaN,NaN,NaN,NaN,NaN,NaN,C,NR,NR,NR,NR,NR,NR,NR
49694,1CRPAMH60,Fall 2018,Asian,Female,Continuing Generation,3.390000105,3.0,3.33,Health,NaN,NaN,NaN,NaN,NaN,NaN,NaN,NaN,NaN,NaN,NaN,NaN,NaN,NaN,NaN,NaN,NaN,NaN,NaN,NaN,C,NR,NR,NR,NR,NR,NR,NR
25690,BX6UJS2TO,Fall 2018,Asian,Male,Continuing Generation,3.180000067,3.0,3.0,Engineering,9.0,5.0,12.0,4.0,9.0,5.0,12.0,4.0,6.0,0.0,0.0,3.0,3.333333333333333,3.0,3.5,2.0,3.333333333333333,3.2142857142857144,3.3461538461538463,3.1666666666666665,C,NR,C,NR,NR,C,C,C
9100,HIULJUQOU,Fall 2018,Black or African American,Female,Continuing Generation,NaN,NaN,NaN,Health,11.0,13.0,16.0,13.0,11.0,13.0,16.0,13.0,3.0,0.0,0.0,0.0,2.727272727272727,3.692307692307693,2.8125,2.5384615384615383,2.727272727272727,3.25,3.075,2.943396226415094,C,C,C,C,C,C,C,C
33610,XRP7M0RS4,Fall 2018,Hispanic,Male,Continuing Generation,NaN,NaN,NaN,University Programs,13.0,12.0,13.0,NaN,7.0,6.0,0.0,NaN,6.0,6.0,13.0,NaN,1.3846153846153846,1.5,0.0,NaN,1.3846153846153846,1.44,0.9473684210526316,NaN,C,C,C,NR,NR,NR,NR,NR
3092,0IHB1AJLK,Fall 2018,Nonresident alien,Male,First Generation,3.369999886,2.8,4.0,Health,18.0,18.0,13.0,10.0,18.0,18.0,13.0,10.0,0.0,0.0,0.0,0.0,3.8333333333333335,3.333333333333333,4.0,3.7,3.8333333333333335,3.583333333333333,3.693877551020408,3.694915254237288,C,C,C,C,C,C,C,C
49395,LRV1BAY1F,Fall 2018,Asian,Female,Continuing Generation,3.950000048,4.0,3.83,Health,13.0,NaN,NaN,NaN,13.0,NaN,NaN,NaN,0.0,NaN,NaN,NaN,3.4615384615384617,NaN,NaN,NaN,3.4615384615384617,NaN,NaN,NaN,C,C,C,NR,NR,NR,NR,NR
28170,4XTS6ACAM,Fall 2018,Asian,Female,Continuing Generation,3.75,3.0,4.17,University Programs,16.0,13.0,11.0,14.0,10.0,10.0,11.0,14.0,6.0,3.0,0.0,0.0,2.25,2.0,3.0,2.857142857142857,2.25,2.1379310344827585,2.375,2.5,C,C,C,C,C,C,C,C
45023,1RVMKBB28,Fall 2018,Hispanic,Male,First Generation,3.839999914,3.8,3.8,Arts,15.0,15.0,15.0,15.0,15.0,15.0,15.0,15.0,0.0,0.0,0.0,0.0,3.2,3.2,3.6,3.6,3.2,3.2,3.333333333333333,3.4,C,C,C,C,C,C,GD,GD
7154,CH1S5XZYC,Fall 2018,White,Male,First Generation,3.710000038,4.0,3.8,Science,16.0,9.0,15.0,16.0,13.0,12.0,9.0,16.0,3.0,3.0,6.0,0.0,2.4375,2.333333333333333,1.8,3.0625,2.4375,2.4,2.175,2.4285714285714284,C,C,C,C,C,C,C,NR
39283,TLDMVVJMA,Fall 2018,Hispanic,Male,Continuing Generation,3.200000048,3.0,2.75,Engineering,13.0,8.0,12.0,12.0,13.0,14.0,12.0,12.0,0.0,0.0,0.0,0.0,3.230769230769231,3.125,3.75,3.25,3.230769230769231,3.1904761904761907,3.393939393939394,3.355555555555556,C,C,C,C,C,C,C,C
10040,MMYJ4GMGB,Fall 2018,Hispanic,Male,Continuing Generation,3.410000086,2.6,3.0,University Programs,12.0,12.0,13.0,13.0,12.0,9.0,13.0,13.0,0.0,3.0,0.0,0.0,2.5,2.0,3.769230769230769,3.5384615384615383,2.5,2.25,2.783783783783784,2.98,C,C,C,C,C,C,C,C
34277,JNU3QXTBJ,Fall 2018,Nonresident alien,Male,Continuing Generation,3.2,3.2,3.28,Business,12.0,6.0,18.0,13.0,12.0,12.0,18.0,13.0,0.0,0.0,0.0,0.0,3.75,4.0,3.7777777777777777,3.769230769230769,3.75,3.8333333333333335,3.8055555555555554,3.795918367346939,C,C,C,C,C,C,C,NR
20832,EC3N5MSQS,Fall 2018,White,Female,Continuing Generation,NaN,NaN,NaN,University Programs,15.0,15.0,9.0,NaN,12.0,15.0,12.0,NaN,3.0,0.0,6.0,NaN,2.4,3.0,3.0,NaN,2.4,2.7,2.769230769230769,NaN,C,C,C,NR,NR,NR,NR,NR
52427,AA3506VZ8,Fall 2018,Hispanic,Male,Continuing Generation,3.5,3.2,3.0,Science,10.0,NaN,NaN,NaN,6.0,NaN,NaN,NaN,9.0,NaN,NaN,NaN,2.2,NaN,NaN,NaN,2.2,NaN,NaN,NaN,C,NR,NR,NR,NR,NR,NR,NR
27916,XHDBVD5XS,Fall 2018,Black or African American,Female,Continuing Generation,3.0,2.25,3.17,University Programs,13.0,13.0,15.0,15.0,13.0,13.0,15.0,15.0,0.0,0.0,0.0,0.0,2.769230769230769,2.4615384615384617,3.4,2.8,2.769230769230769,2.6153846153846154,2.902439024390244,2.875,C,C,C,C,C,C,C,NR
30534,CMHHO6E3F,Fall 2018,Asian,Male,First Generation,4.179999828,4.0,4.17,Health,13.0,16.0,12.0,NaN,10.0,16.0,12.0,NaN,3.0,0.0,0.0,NaN,2.230769230769231,3.4375,2.75,NaN,2.230769230769231,2.896551724137931,2.8536585365853657,NaN,C,C,C,C,C,NR,NR,NR
37997,M3LIG69H5,Fall 2018,White,Male,Continuing Generation,3.630000114,3.38,3.2,Engineering,18.0,15.0,11.0,15.0,18.0,15.0,11.0,15.0,0.0,0.0,3.0,0.0,3.1666666666666665,2.8666666666666667,2.5454545454545454,2.6,3.1666666666666665,3.0303030303030303,2.909090909090909,2.830508474576271,C,C,C,C,C,C,C,C
28590,25KT053F2,Fall 2018,Nonresident alien,Female,Continuing Generation,3.960000038,3.75,3.67,Arts,15.0,6.0,12.0,15.0,15.0,6.0,12.0,15.0,0.0,0.0,0.0,0.0,4.0,4.0,4.0,4.0,4.0,4.0,4.0,4.0,C,C,C,C,C,C,C,C
14876,KUU7AGLQR,Fall 2018,Hispanic,Female,Continuing Generation,3.210000038,3.0,3.0,Science,13.0,14.0,11.0,NaN,13.0,14.0,7.0,NaN,0.0,0.0,8.0,NaN,3.230769230769231,2.7142857142857144,2.090909090909091,NaN,3.230769230769231,2.962962962962963,2.710526315789474,NaN,C,C,C,C,C,C,GD,GD
42574,4IQ6GJK5Q,Fall 2018,Black or African American,Female,Continuing Generation,NaN,NaN,NaN,Health,16.0,15.0,16.0,16.0,16.0,15.0,16.0,16.0,0.0,0.0,0.0,0.0,3.75,3.6,3.75,3.1875,3.75,3.6774193548387095,3.702127659574468,3.571428571428572,C,C,C,C,C,C,GD,GD
28668,8DEH6QFOD,Fall 2018,Hispanic,Female,Continuing Generation,3.16,2.81,3.31,University Programs,15.0,12.0,12.0,13.0,15.0,9.0,6.0,0.0,0.0,3.0,6.0,13.0,3.0,2.1666666666666665,1.25,0.0,3.0,2.6296296296296298,2.2051282051282053,1.6538461538461535,C,C,NR,C,C,NR,NR,NR
27968,LSP2THMVS,Fall 2018,Hispanic,Female,First Generation,NaN,NaN,NaN,University Programs,13.0,12.0,14.0,9.0,13.0,12.0,14.0,9.0,0.0,0.0,0.0,3.0,2.230769230769231,2.75,3.7142857142857135,3.333333333333333,2.230769230769231,2.48,2.923076923076923,3.0,C,C,C,C,C,C,C,C
28622,6028USMBG,Fall 2018,Hispanic,Female,Unknown,3.599999905,3.33,3.17,University Programs,15.0,12.0,13.0,15.0,15.0,12.0,13.0,15.0,0.0,0.0,0.0,0.0,3.2,3.6666666666666665,3.692307692307693,4.0,3.2,3.4074074074074074,3.5,3.636363636363636,C,C,C,C,C,C,GD,GD
10908,5WRLHJK51,Fall 2018,White,Male,Continuing Generation,3.150000095,3.0,2.83,Health,15.0,13.0,15.0,13.0,15.0,13.0,15.0,10.0,0.0,0.0,0.0,3.0,3.0,3.076923076923077,3.0,2.6153846153846154,3.0,3.0357142857142856,3.0232558139534884,2.9285714285714284,C,C,C,C,C,C,C,C
28726,06SDQQCII,Fall 2018,Asian,Female,Continuing Generation,3.369999886,3.25,3.6,University Programs,12.0,16.0,15.0,14.0,7.0,16.0,15.0,14.0,5.0,0.0,0.0,0.0,2.083333333333333,3.5625,3.6,3.2857142857142856,2.083333333333333,2.9285714285714284,3.1627906976744184,3.192982456140351,C,C,C,C,C,C,GD,GD
34739,FCUJFZ467,Fall 2018,Hispanic,Female,Unknown,2.819999933,3.67,2.6,Health,NaN,NaN,NaN,NaN,NaN,NaN,NaN,NaN,NaN,NaN,NaN,NaN,NaN,NaN,NaN,NaN,NaN,NaN,NaN,NaN,C,NR,NR,NR,NR,NR,NR,NR
3587,GVGS8HM11,Fall 2018,Hispanic,Male,Continuing Generation,NaN,NaN,NaN,University Programs,4.0,6.0,14.0,12.0,4.0,6.0,14.0,12.0,0.0,4.0,0.0,0.0,4.0,4.0,3.4285714285714284,3.8333333333333335,4.0,4.0,3.6666666666666665,3.7222222222222223,C,C,C,C,C,C,C,C
10449,P5L4B6YCM,Fall 2018,Nonresident alien,Male,First Generation,NaN,NaN,NaN,Business,NaN,NaN,NaN,NaN,NaN,NaN,NaN,NaN,NaN,NaN,NaN,NaN,NaN,NaN,NaN,NaN,NaN,NaN,NaN,NaN,C,NR,NR,NR,NR,NR,NR,NR
18304,A3347PL4L,Fall 2018,Hispanic,Male,Continuing Generation,3.609999895,2.75,3.6,Science,14.0,14.0,11.0,12.0,14.0,14.0,11.0,12.0,0.0,0.0,0.0,0.0,3.4285714285714284,3.928571428571429,2.909090909090909,3.75,3.4285714285714284,3.678571428571429,3.4615384615384617,3.5294117647058822,C,C,C,C,C,C,GD,GD
45959,FAWU8HS94,Fall 2018,Hispanic,Male,Continuing Generation,3.029999971,3.2,2.0,Engineering,9.0,14.0,NaN,NaN,0.0,2.0,NaN,NaN,9.0,12.0,NaN,NaN,0.0,1.0714285714285714,NaN,NaN,0.0,0.6521739130434783,NaN,NaN,C,C,NR,NR,NR,NR,NR,NR
